繧ｿ繧､繝医Ν,繝ｦ繝ｼ繧ｶ繝ｼID,譌･縺ｫ縺｡,菴咲ｽｮ,逕ｻ蜒上?URL
繧ｿ繧､繝医Ν1,,01 05 22,繝?Φ繝代し繝ｼ繝ｫ,https://upload.wikimedia.org/wikipedia/commons/b/bc/Regions_and_Prefectures_of_Japan_2.svg
繧ｿ繧､繝医Ν2,2,02 05 22,繝舌ラ繧･繝ｳ,https://media.timeout.com/images/105240237/image.jpg
,3,03 05 22,繧ｱ繝ｭ繝懊き繝ｳ,https://rimage.gnst.jp/livejapan.com/public/article/detail/a/00/02/a0002487/img/basic/a0002487_main.jpg?20201116111704&q=80&rw=750&rh=536
繧ｿ繧､繝医Ν4,4,,繧ｯ繧ｿ,https://dynamic-media-cdn.tripadvisor.com/media/photo-o/17/16/a6/88/con-la-primavera-in-giappone.jpg?w=700&h=-1&s=1
繧ｿ繧､繝医Ν5,5,05 05 22,繝?Φ繝代し繝ｼ繝ｫ,https://upload.wikimedia.org/wikipedia/commons/b/bc/Regions_and_Prefectures_of_Japan_2.svg
繧ｿ繧､繝医Ν6,6,06 05 22,繝舌ラ繧･繝ｳ,https://media.timeout.com/images/105240237/image.jpg
繧ｿ繧､繝医Ν7,7,07 05 22,繧ｱ繝ｭ繝懊き繝ｳ,https://rimage.gnst.jp/livejapan.com/public/article/detail/a/00/02/a0002487/img/basic/a0002487_main.jpg?20201116111704&q=80&rw=750&rh=536
繧ｿ繧､繝医Ν8,8,08 05 22,繧ｯ繧ｿ,https://dynamic-media-cdn.tripadvisor.com/media/photo-o/17/16/a6/88/con-la-primavera-in-giappone.jpg?w=700&h=-1&s=1
繧ｿ繧､繝医Ν9,9,09 05 22,繝舌ラ繧･繝ｳ,https://media.timeout.com/images/105240237/image.jpg
